Name,StudentID,Age,Gender,AttendanceRate,AcademicPerformance,CounselingSessions,BehaviorIncidents,LastHelpDate,HotlineCalls,AI_RecommendedAction
Student_1,1,17,M,84.6,74.4,1,مشاكل تركيز,2024-08-21,0,
Student_2,2,15,F,100.0,99.5,0,مشاكل تركيز,2024-01-10,0,
Student_3,3,12,F,76.8,60.5,0,مشاكل تركيز,2024-04-10,0,
Student_4,4,17,F,76.3,88.6,1,مشاكل تركيز,2024-03-22,0,
Student_5,5,16,F,97.4,70.8,0,سلوك طبيعي,2024-09-25,0,
Student_6,6,14,F,96.6,81.6,1,مشاكل تركيز,2024-09-03,0,
Student_7,7,14,M,91.5,100.0,0,سلوك طبيعي,2024-11-21,0,
Student_8,8,12,M,85.1,83.3,2,سلوك طبيعي,2024-02-01,0,
Student_9,9,15,F,93.0,79.5,0,سلوك طبيعي,2024-06-03,0,
Student_10,10,15,F,100.0,94.2,1,مشاكل تركيز,2024-01-11,0,
Student_11,11,16,M,100.0,88.5,0,مشاكل تركيز,2024-03-20,0,
Student_12,12,12,F,71.4,65.4,0,سلوك طبيعي,2024-07-03,0,
Student_13,13,14,F,83.8,78.5,1,سلوك طبيعي,2024-01-10,0,
Student_14,14,15,M,83.2,54.4,0,مشاكل تركيز,2024-03-13,0,
Student_15,15,12,F,100.0,68.5,2,سلوك طبيعي,2024-08-25,1,
Student_16,16,15,F,63.2,78.8,2,سلوك طبيعي,2024-07-17,0,
Student_17,17,17,F,93.1,67.8,0,سلوك طبيعي,2024-03-21,0,
Student_18,18,15,F,85.4,78.3,1,سلوك طبيعي,2024-08-03,0,
Student_19,19,14,M,100.0,74.8,1,سلوك طبيعي,2024-10-22,0,
Student_20,20,13,F,100.0,81.4,1,سلوك طبيعي,2024-01-03,0,
Student_21,21,16,M,91.7,69.9,0,سلوك طبيعي,2024-10-21,0,
Student_22,22,16,M,72.2,63.7,1,سلوك طبيعي,2024-09-11,0,
Student_23,23,14,F,82.3,92.7,0,سلوك طبيعي,2024-05-04,0,
Student_24,24,15,M,83.4,69.1,0,سلوك طبيعي,2024-02-26,0,
Student_25,25,12,M,74.7,82.9,0,مشاكل تركيز,2024-12-15,0,
Student_26,26,15,F,99.5,92.2,0,مشاكل تركيز,2024-05-02,0,
Student_27,27,14,M,73.5,77.0,1,سلوك طبيعي,2024-02-03,0,
Student_28,28,16,M,100.0,64.7,3,سلوك طبيعي,2024-02-05,0,
Student_29,29,15,F,100.0,72.9,1,مشاكل تركيز,2024-11-05,0,
Student_30,30,16,F,84.1,87.2,1,مشاكل تركيز,2024-08-08,0,
Student_31,31,12,M,91.3,77.5,1,سلوك طبيعي,2024-10-21,1,
Student_32,32,16,F,87.3,60.5,1,سلوك طبيعي,2024-09-23,0,
Student_33,33,16,M,97.0,82.2,2,سلوك طبيعي,2024-07-14,0,
Student_34,34,13,F,100.0,84.2,1,مشاكل تركيز,2024-12-21,0,
Student_35,35,13,F,90.6,70.7,0,سلوك طبيعي,2024-05-18,0,
Student_36,36,17,F,92.7,82.3,0,مشاكل تركيز,2024-07-20,0,
Student_37,37,13,F,81.8,77.9,0,مشاكل تركيز,2024-10-29,0,
Student_38,38,16,F,92.4,72.6,1,مشاكل تركيز,2024-08-13,0,
Student_39,39,14,F,89.6,59.5,0,مشاكل تركيز,2024-11-10,0,
Student_40,40,16,M,78.9,87.9,4,مشاكل تركيز,2024-07-29,0,
Student_41,41,14,M,87.9,84.1,0,سلوك طبيعي,2024-09-14,0,
Student_42,42,14,F,84.2,82.0,0,مشاكل تركيز,2024-01-17,0,
Student_43,43,13,M,81.9,93.5,1,سلوك طبيعي,2024-03-24,0,
Student_44,44,15,F,76.5,86.3,1,سلوك طبيعي,2024-04-15,0,
Student_45,45,12,M,88.6,83.2,0,مشاكل تركيز,2024-01-30,0,
Student_46,46,13,F,80.2,48.4,1,مشاكل تركيز,2024-03-25,0,
Student_47,47,13,M,83.3,89.4,1,سلوك طبيعي,2024-02-06,0,
Student_48,48,15,M,98.8,76.0,0,سلوك طبيعي,2024-04-11,0,
Student_49,49,12,F,94.3,78.7,0,مشاكل تركيز,2024-08-20,0,
Student_50,50,16,M,78.2,78.8,2,سلوك طبيعي,2024-05-13,0,
Student_51,51,17,F,91.5,84.3,1,مشاكل تركيز,2024-05-15,0,
Student_52,52,17,M,89.3,88.5,0,سلوك طبيعي,2024-03-17,0,
Student_53,53,16,M,100.0,82.6,0,سلوك طبيعي,2024-04-07,0,
Student_54,54,13,F,100.0,80.7,1,سلوك طبيعي,2024-12-07,1,
Student_55,55,12,M,72.7,77.8,0,سلوك طبيعي,2024-08-24,0,
Student_56,56,13,F,96.6,40.0,1,سلوك طبيعي,2024-08-10,0,
Student_57,57,14,F,100.0,71.5,0,مشاكل تركيز,2024-03-03,0,
Student_58,58,13,F,93.6,63.7,0,سلوك طبيعي,2024-09-23,0,
Student_59,59,13,F,84.6,89.5,0,مشاكل تركيز,2024-02-29,0,
Student_60,60,16,F,100.0,82.4,0,سلوك طبيعي,2024-05-18,0,
Student_61,61,16,F,94.5,69.5,1,مشاكل تركيز,2024-12-27,0,
Student_62,62,16,M,100.0,70.7,1,سلوك طبيعي,2024-08-21,0,
Student_63,63,17,M,100.0,70.3,0,مشاكل تركيز,2024-07-22,0,
Student_64,64,14,M,92.6,70.1,0,مشاكل تركيز,2024-09-06,1,
Student_65,65,16,M,82.2,57.7,0,مشاكل تركيز,2024-11-03,0,
Student_66,66,12,F,87.8,55.1,1,سلوك طبيعي,2024-10-10,0,
Student_67,67,17,F,85.8,75.3,2,سلوك طبيعي,2024-03-24,0,
Student_68,68,15,M,75.9,87.9,1,سلوك طبيعي,2024-01-12,0,
Student_69,69,12,M,94.5,68.5,1,مشاكل تركيز,2024-04-25,0,
Student_70,70,12,M,100.0,78.6,0,سلوك طبيعي,2024-04-07,0,
Student_71,71,16,F,85.0,83.8,0,سلوك طبيعي,2024-03-18,0,
Student_72,72,15,F,100.0,63.1,0,مشاكل تركيز,2024-12-10,0,
Student_73,73,15,M,72.4,74.8,0,سلوك طبيعي,2024-11-15,0,
Student_74,74,17,F,98.5,67.0,1,سلوك طبيعي,2024-04-24,0,
Student_75,75,15,F,100.0,94.3,2,سلوك طبيعي,2024-08-27,0,
Student_76,76,14,M,86.0,93.7,0,مشاكل تركيز,2024-05-24,0,
Student_77,77,16,F,86.1,63.1,3,مشاكل تركيز,2024-11-29,0,
Student_78,78,15,F,98.4,79.6,0,مشاكل تركيز,2024-06-16,0,
Student_79,79,17,M,93.1,87.8,0,سلوك طبيعي,2024-04-06,0,
Student_80,80,14,M,68.0,85.2,0,سلوك طبيعي,2024-03-31,0,
Student_81,81,13,M,79.6,76.0,2,سلوك طبيعي,2024-07-23,0,
Student_82,82,13,M,87.9,90.7,2,مشاكل تركيز,2024-04-05,0,
Student_83,83,14,F,74.3,64.1,0,سلوك طبيعي,2024-08-01,0,
Student_84,84,17,F,83.3,71.4,1,مشاكل تركيز,2024-11-23,0,
Student_85,85,14,M,74.6,64.5,2,مشاكل تركيز,2024-05-25,0,
Student_86,86,16,M,84.3,84.4,1,سلوك طبيعي,2024-03-21,0,
Student_87,87,16,M,84.6,68.0,2,مشاكل تركيز,2024-12-30,0,
Student_88,88,13,M,91.5,72.9,0,مشاكل تركيز,2024-07-04,0,
Student_89,89,15,F,87.1,82.4,0,مشاكل تركيز,2024-02-03,0,
Student_90,90,17,M,93.0,83.4,2,سلوك طبيعي,2024-01-18,0,
Student_91,91,13,M,91.8,64.1,0,سلوك طبيعي,2024-02-10,0,
Student_92,92,15,M,98.3,87.7,2,سلوك طبيعي,2024-08-17,0,
Student_93,93,15,F,96.7,80.5,1,سلوك طبيعي,2024-10-16,0,
Student_94,94,16,M,95.7,62.0,0,سلوك طبيعي,2024-06-03,0,
Student_95,95,12,F,100.0,59.1,1,سلوك طبيعي,2024-01-24,0,
Student_96,96,12,M,91.5,74.8,0,سلوك طبيعي,2024-05-19,0,
Student_97,97,14,F,100.0,85.2,0,مشاكل تركيز,2024-12-29,0,
Student_98,98,16,F,92.1,85.5,2,سلوك طبيعي,2024-07-12,0,
Student_99,99,15,M,87.2,79.3,0,سلوك طبيعي,2024-12-20,0,
Student_100,100,17,M,84.3,75.6,2,سلوك طبيعي,2024-11-10,0,
Student_101,101,12,F,100.0,81.1,1,مشاكل تركيز,2024-01-05,0,
Student_102,102,15,F,100.0,64.7,1,سلوك طبيعي,2024-09-20,0,
Student_103,103,12,M,94.0,95.2,0,مشاكل تركيز,2024-09-05,0,
Student_104,104,12,M,99.3,95.1,1,مشاكل تركيز,2024-07-14,0,
Student_105,105,12,F,75.2,80.1,0,سلوك طبيعي,2024-04-07,0,
Student_106,106,17,F,72.5,77.4,1,انسحاب اجتماعي,2024-08-21,0,
Student_107,107,16,M,100.0,70.1,1,مشاكل تركيز,2024-02-10,0,
Student_108,108,17,F,86.7,81.3,1,تأخر مستمر عن الصف,2024-06-07,0,
Student_109,109,13,M,95.5,66.7,2,سلوك طبيعي,2024-06-14,0,
Student_110,110,15,F,80.8,48.3,2,سلوك طبيعي,2024-12-14,1,
Student_111,111,16,M,100.0,42.4,0,مشاكل تركيز,2024-11-15,0,
Student_112,112,16,M,72.6,65.4,1,سلوك طبيعي,2024-04-06,0,
Student_113,113,16,M,74.1,76.9,2,مشاكل تركيز,2024-07-01,0,
Student_114,114,16,F,100.0,79.0,1,مشاكل تركيز,2024-03-06,0,
Student_115,115,17,M,61.9,69.2,1,سلوك طبيعي,2024-11-29,0,
Student_116,116,16,M,91.8,76.7,0,سلوك طبيعي,2024-11-13,0,
Student_117,117,14,M,86.9,71.7,2,مشاكل تركيز,2024-04-18,0,
Student_118,118,15,M,80.6,63.0,1,مشاكل تركيز,2024-08-21,0,
Student_119,119,16,F,86.0,74.4,1,مشاكل تركيز,2024-08-10,0,
Student_120,120,15,M,79.5,84.8,4,مشاكل تركيز,2024-02-25,0,
Student_121,121,14,F,100.0,63.6,1,مشاكل تركيز,2024-10-05,0,
Student_122,122,14,F,100.0,63.6,1,سلوك طبيعي,2024-07-15,0,
Student_123,123,15,F,81.1,62.2,2,سلوك طبيعي,2024-10-11,0,
Student_124,124,12,M,90.8,51.8,0,سلوك طبيعي,2024-07-12,0,
Student_125,125,13,M,74.7,69.2,1,سلوك طبيعي,2024-01-01,0,
Student_126,126,12,M,98.7,83.6,0,سلوك طبيعي,2024-04-28,0,
Student_127,127,12,M,98.5,77.1,0,مشاكل تركيز,2024-01-08,0,
Student_128,128,17,M,85.0,73.0,0,سلوك طبيعي,2024-12-05,0,
Student_129,129,12,F,88.2,76.5,1,مشاكل تركيز,2024-11-16,1,
Student_130,130,16,M,87.1,69.1,0,مشاكل تركيز,2024-10-30,0,
Student_131,131,17,M,71.8,51.6,0,مشاكل تركيز,2024-04-22,0,
Student_132,132,17,F,100.0,84.4,0,سلوك طبيعي,2024-01-22,0,
Student_133,133,14,M,80.3,87.9,0,مشاكل تركيز,2024-11-16,0,
Student_134,134,12,F,80.4,66.3,0,تأخر مستمر عن الصف,2024-12-11,0,
Student_135,135,14,F,86.5,73.2,0,مشاكل تركيز,2024-02-01,0,
Student_136,136,15,M,98.0,72.2,0,سلوك طبيعي,2024-06-26,0,
Student_137,137,13,F,82.1,79.2,1,مشاكل تركيز,2024-01-26,0,
Student_138,138,17,F,68.5,95.3,1,سلوك طبيعي,2024-10-04,0,
Student_139,139,15,F,79.1,88.9,1,انسحاب اجتماعي,2024-10-06,0,
Student_140,140,15,M,92.2,70.5,1,مشاكل تركيز,2024-02-16,0,
Student_141,141,16,M,100.0,81.5,1,سلوك طبيعي,2024-06-22,0,
Student_142,142,13,F,75.4,90.1,2,سلوك طبيعي,2024-07-19,0,
Student_143,143,15,M,75.0,79.9,0,مشاكل تركيز,2024-04-06,0,
Student_144,144,15,M,72.9,74.9,0,مشاكل تركيز,2024-11-14,0,
Student_145,145,13,M,71.6,80.4,3,انسحاب اجتماعي,2024-06-03,0,
Student_146,146,13,F,100.0,66.6,0,مشاكل تركيز,2024-03-18,1,
Student_147,147,15,M,100.0,68.3,0,مشاكل تركيز,2024-07-15,0,
Student_148,148,13,F,89.8,62.2,1,سلوك طبيعي,2024-09-23,0,
Student_149,149,15,F,83.3,78.7,1,سلوك طبيعي,2024-03-14,0,
Student_150,150,15,F,100.0,73.4,1,سلوك طبيعي,2024-04-23,0,
Student_151,151,16,F,89.7,65.1,1,مشاكل تركيز,2024-12-29,0,
Student_152,152,12,F,98.9,73.0,1,سلوك طبيعي,2024-08-25,0,
Student_153,153,15,F,82.8,80.6,1,سلوك طبيعي,2024-06-08,0,
Student_154,154,14,M,88.4,98.0,2,مشاكل تركيز,2024-07-07,0,
Student_155,155,17,F,75.6,87.1,0,سلوك طبيعي,2024-02-14,0,
Student_156,156,12,M,94.3,47.6,2,سلوك طبيعي,2024-03-23,0,
Student_157,157,12,M,89.9,77.9,0,مشاكل تركيز,2024-05-03,0,
Student_158,158,12,M,79.1,92.2,2,سلوك طبيعي,2024-08-02,0,
Student_159,159,16,F,79.2,58.9,0,مشاكل تركيز,2024-03-24,0,
Student_160,160,15,M,100.0,81.6,1,مشاكل تركيز,2024-03-21,0,
Student_161,161,16,F,100.0,72.2,0,مشاكل تركيز,2024-01-26,0,
Student_162,162,15,F,85.9,88.8,1,انسحاب اجتماعي,2024-08-18,0,
Student_163,163,16,F,88.7,79.9,1,سلوك طبيعي,2024-03-24,0,
Student_164,164,16,F,92.0,64.4,0,سلوك طبيعي,2024-11-26,0,
Student_165,165,17,F,89.5,72.6,0,مشاكل تركيز,2024-11-09,0,
Student_166,166,14,F,71.3,73.3,0,مشاكل تركيز,2024-01-26,0,
Student_167,167,16,F,92.3,73.5,0,مشاكل تركيز,2024-03-27,0,
Student_168,168,17,F,67.1,88.4,1,سلوك طبيعي,2024-09-01,0,
Student_169,169,13,F,80.7,64.9,4,سلوك طبيعي,2024-03-19,0,
Student_170,170,14,F,93.1,87.0,1,مشاكل تركيز,2024-02-18,0,
Student_171,171,16,M,94.0,71.4,0,سلوك طبيعي,2024-12-07,0,
Student_172,172,12,M,79.9,77.7,1,مشاكل تركيز,2024-07-27,0,
Student_173,173,13,M,83.4,75.9,0,مشاكل تركيز,2024-06-21,0,
Student_174,174,13,M,82.1,74.7,2,سلوك طبيعي,2024-10-13,0,
Student_175,175,17,F,87.0,74.8,2,مشاكل تركيز,2024-10-21,1,
Student_176,176,13,F,87.7,92.5,1,سلوك طبيعي,2024-03-10,0,
Student_177,177,14,F,94.7,85.1,1,سلوك طبيعي,2024-02-05,0,
Student_178,178,16,M,82.8,70.6,0,سلوك طبيعي,2024-06-06,0,
Student_179,179,16,F,91.7,94.0,2,مشاكل تركيز,2024-06-03,0,
Student_180,180,12,F,93.1,78.3,0,سلوك طبيعي,2024-06-19,0,
Student_181,181,17,F,90.0,79.3,1,مشاكل تركيز,2024-09-23,0,
Student_182,182,12,F,85.4,65.0,0,مشاكل تركيز,2024-09-02,0,
Student_183,183,13,F,89.8,69.0,0,مشاكل تركيز,2024-12-25,0,
Student_184,184,12,M,95.5,66.7,0,مشاكل تركيز,2024-02-05,0,
Student_185,185,14,F,96.4,76.0,2,مشاكل تركيز,2024-05-26,0,
Student_186,186,16,M,100.0,82.7,1,مشاكل تركيز,2024-05-03,0,
Student_187,187,13,M,78.1,79.4,2,تأخر مستمر عن الصف,2024-11-10,1,
Student_188,188,12,F,83.6,94.1,2,سلوك طبيعي,2024-03-31,0,
Student_189,189,17,M,71.9,64.3,0,سلوك طبيعي,2024-03-10,0,
Student_190,190,14,F,97.3,76.4,0,مشاكل تركيز,2024-06-12,0,
Student_191,191,14,M,84.7,59.6,3,مشاكل تركيز,2024-06-02,1,
Student_192,192,12,F,90.1,63.9,2,مشاكل تركيز,2024-04-11,0,
Student_193,193,16,M,82.0,90.2,0,مشاكل تركيز,2024-04-01,0,
Student_194,194,12,F,84.7,69.4,1,سلوك طبيعي,2024-12-02,0,
Student_195,195,13,F,100.0,65.4,0,مشاكل تركيز,2024-06-10,0,
Student_196,196,12,M,94.9,49.4,1,مشاكل تركيز,2024-11-10,0,
Student_197,197,14,F,86.9,65.2,1,مشاكل تركيز,2024-07-19,0,
Student_198,198,12,F,95.7,72.5,0,سلوك طبيعي,2024-01-19,0,
Student_199,199,16,M,95.9,58.7,0,سلوك طبيعي,2024-12-30,0,
Student_200,200,17,M,84.1,71.8,0,مشاكل تركيز,2024-11-01,0,
Student_201,201,15,M,73.3,90.2,1,مشاكل تركيز,2024-12-19,0,
Student_202,202,12,M,79.0,66.5,1,مشاكل تركيز,2024-12-04,0,
Student_203,203,16,F,74.6,63.7,2,سلوك طبيعي,2024-11-05,0,
Student_204,204,16,F,99.6,61.5,1,مشاكل تركيز,2024-03-01,0,
Student_205,205,17,M,100.0,61.3,1,سلوك طبيعي,2024-06-26,1,
Student_206,206,14,M,100.0,81.4,0,مشاكل تركيز,2024-03-19,0,
Student_207,207,16,F,67.8,75.6,0,سلوك طبيعي,2024-05-26,0,
Student_208,208,16,M,98.7,86.5,0,مشاكل تركيز,2024-01-22,0,
Student_209,209,16,M,100.0,99.2,0,سلوك طبيعي,2024-05-18,0,
Student_210,210,16,F,99.1,53.0,2,سلوك طبيعي,2024-12-25,0,
Student_211,211,13,F,66.5,79.6,1,مشاكل تركيز,2024-04-06,0,
Student_212,212,13,F,100.0,61.6,4,سلوك طبيعي,2024-10-13,1,
Student_213,213,14,F,88.4,84.5,2,مشاكل تركيز,2024-06-15,0,
Student_214,214,12,F,85.7,71.7,1,سلوك طبيعي,2024-06-03,0,
Student_215,215,16,F,92.5,75.3,1,مشاكل تركيز,2024-12-15,0,
Student_216,216,17,M,77.5,59.6,0,سلوك طبيعي,2024-12-29,0,
Student_217,217,12,M,88.0,69.9,1,سلوك طبيعي,2024-07-21,0,
Student_218,218,17,M,100.0,76.1,0,مشاكل تركيز,2024-09-19,0,
Student_219,219,12,M,94.2,91.3,0,مشاكل تركيز,2024-02-26,0,
Student_220,220,14,F,88.6,65.5,1,سلوك طبيعي,2024-04-18,0,
Student_221,221,16,M,88.9,68.4,0,سلوك طبيعي,2024-12-19,0,
Student_222,222,16,M,76.2,86.3,2,مشاكل تركيز,2024-07-30,0,
Student_223,223,15,M,86.5,64.7,3,مشاكل تركيز,2024-07-16,0,
Student_224,224,17,M,71.7,88.7,0,مشاكل تركيز,2024-09-30,0,
Student_225,225,12,F,98.2,74.9,0,سلوك طبيعي,2024-01-21,0,
Student_226,226,12,M,66.1,78.6,0,مشاكل تركيز,2024-08-01,0,
Student_227,227,13,F,96.5,79.4,1,سلوك طبيعي,2024-07-02,0,
Student_228,228,15,M,97.8,67.6,1,سلوك طبيعي,2024-11-07,0,
Student_229,229,13,F,100.0,79.7,0,سلوك طبيعي,2024-02-27,0,
Student_230,230,13,F,88.9,65.7,1,مشاكل تركيز,2024-12-16,0,
Student_231,231,13,M,97.2,69.0,0,مشاكل تركيز,2024-01-30,0,
Student_232,232,17,F,86.4,81.7,1,مشاكل تركيز,2024-03-08,0,
Student_233,233,17,M,76.1,78.5,2,مشاكل تركيز,2024-08-05,0,
Student_234,234,14,M,100.0,74.1,1,مشاكل تركيز,2024-09-03,0,
Student_235,235,14,F,87.0,59.9,0,سلوك طبيعي,2024-03-26,0,
Student_236,236,13,M,73.9,62.9,0,سلوك طبيعي,2024-02-13,0,
Student_237,237,15,M,83.3,78.3,0,سلوك طبيعي,2024-11-20,0,
Student_238,238,12,F,83.7,83.8,1,سلوك طبيعي,2024-03-30,0,
Student_239,239,17,M,92.6,61.7,1,مشاكل تركيز,2024-08-04,0,
Student_240,240,15,F,100.0,64.9,1,مشاكل تركيز,2024-08-14,1,
Student_241,241,16,M,93.2,76.6,0,سلوك طبيعي,2024-06-02,0,
Student_242,242,17,F,90.1,76.4,1,مشاكل تركيز,2024-08-01,0,
Student_243,243,17,F,100.0,55.5,0,مشاكل تركيز,2024-07-09,0,
Student_244,244,14,F,97.8,76.9,0,مشاكل تركيز,2024-12-07,0,
Student_245,245,12,F,90.5,67.8,0,مشاكل تركيز,2024-03-15,0,
Student_246,246,12,M,83.2,94.7,1,سلوك طبيعي,2024-09-18,0,
Student_247,247,16,F,91.2,78.0,0,مشاكل تركيز,2024-03-28,0,
Student_248,248,16,M,87.3,80.1,0,سلوك طبيعي,2024-05-24,0,
Student_249,249,17,M,88.9,80.4,1,مشاكل تركيز,2024-09-02,0,
Student_250,250,13,M,100.0,60.4,0,سلوك طبيعي,2024-04-19,0,
Student_251,251,14,F,82.6,98.3,1,مشاكل تركيز,2024-04-25,0,
Student_252,252,14,M,93.1,55.5,2,مشاكل تركيز,2024-10-01,0,
Student_253,253,17,F,97.5,84.5,0,مشاكل تركيز,2024-01-27,0,
Student_254,254,15,F,81.4,82.4,0,سلوك طبيعي,2024-06-16,0,
Student_255,255,13,F,79.8,69.3,0,سلوك طبيعي,2024-12-30,0,
Student_256,256,17,M,86.5,83.0,1,مشاكل تركيز,2024-12-29,0,
Student_257,257,13,F,83.4,71.2,0,مشاكل تركيز,2024-01-27,0,
Student_258,258,13,M,99.5,66.9,1,سلوك طبيعي,2024-03-18,0,
Student_259,259,13,M,78.0,80.6,0,سلوك طبيعي,2024-04-06,0,
Student_260,260,17,M,88.7,62.9,0,مشاكل تركيز,2024-12-06,0,
Student_261,261,14,M,100.0,72.3,0,سلوك طبيعي,2024-11-17,0,
Student_262,262,14,F,92.1,67.9,1,سلوك طبيعي,2024-11-16,1,
Student_263,263,13,F,93.8,71.0,0,مشاكل تركيز,2024-05-14,0,
Student_264,264,15,M,99.6,80.2,1,مشاكل تركيز,2024-02-27,0,
Student_265,265,12,M,83.4,67.9,1,سلوك طبيعي,2024-10-31,0,
Student_266,266,17,M,77.2,72.7,0,مشاكل تركيز,2024-09-13,0,
Student_267,267,12,M,89.8,69.0,2,مشاكل تركيز,2024-08-11,0,
Student_268,268,15,F,90.7,92.3,1,سلوك طبيعي,2024-12-26,0,
Student_269,269,17,M,71.8,79.1,1,مشاكل تركيز,2024-08-26,0,
Student_270,270,13,M,91.8,77.6,1,مشاكل تركيز,2024-01-03,0,
Student_271,271,14,M,98.7,83.2,0,سلوك طبيعي,2024-10-25,0,
Student_272,272,12,F,78.9,67.9,0,سلوك طبيعي,2024-04-19,0,
Student_273,273,16,F,92.4,85.3,0,مشاكل تركيز,2024-08-30,0,
Student_274,274,16,F,96.9,79.2,1,مشاكل تركيز,2024-12-08,0,
Student_275,275,15,F,93.9,56.3,0,سلوك طبيعي,2024-02-19,0,
Student_276,276,13,F,94.8,57.9,1,مشاكل تركيز,2024-02-12,0,
Student_277,277,12,M,85.6,68.1,0,مشاكل تركيز,2024-02-09,0,
Student_278,278,13,F,76.7,59.1,0,مشاكل تركيز,2024-07-20,0,
Student_279,279,12,F,83.5,72.1,0,مشاكل تركيز,2024-04-09,0,
Student_280,280,15,F,82.1,62.8,0,سلوك طبيعي,2024-08-08,0,
Student_281,281,15,F,87.2,73.8,1,مشاكل تركيز,2024-09-18,0,
Student_282,282,16,F,98.9,91.9,0,مشاكل تركيز,2024-03-15,0,
Student_283,283,13,F,74.9,74.4,2,سلوك طبيعي,2024-08-19,0,
Student_284,284,17,F,89.4,71.4,1,مشاكل تركيز,2024-04-06,0,
Student_285,285,16,F,77.4,79.7,0,مشاكل تركيز,2024-06-27,0,
Student_286,286,13,F,80.6,66.6,1,مشاكل تركيز,2024-11-26,0,
Student_287,287,16,F,93.6,85.1,1,مشاكل تركيز,2024-11-04,0,
Student_288,288,17,M,76.1,80.9,1,مشاكل تركيز,2024-02-03,0,
Student_289,289,14,F,95.3,75.5,1,سلوك طبيعي,2024-06-03,0,
Student_290,290,14,M,74.5,76.9,1,سلوك طبيعي,2024-04-10,0,
Student_291,291,14,F,94.7,99.5,1,مشاكل تركيز,2024-01-02,0,
Student_292,292,14,F,72.5,86.3,1,مشاكل تركيز,2024-10-08,0,
Student_293,293,12,F,81.8,100.0,1,مشاكل تركيز,2024-08-20,0,
Student_294,294,14,M,100.0,81.4,0,سلوك طبيعي,2024-04-05,0,
Student_295,295,17,M,100.0,57.3,0,مشاكل تركيز,2024-09-27,0,
Student_296,296,15,M,83.9,71.9,0,سلوك طبيعي,2024-07-20,0,
Student_297,297,15,F,91.9,54.6,3,سلوك طبيعي,2024-06-05,0,
Student_298,298,12,M,100.0,81.3,2,مشاكل تركيز,2024-01-04,0,
Student_299,299,14,M,94.8,83.9,1,سلوك طبيعي,2024-01-28,0,
Student_300,300,14,M,85.3,64.4,1,مشاكل تركيز,2024-11-18,0,
Student_301,301,14,F,80.5,67.1,0,سلوك طبيعي,2024-11-25,0,
Student_302,302,16,F,96.7,76.8,0,مشاكل تركيز,2024-07-18,0,
Student_303,303,13,M,99.3,60.6,3,مشاكل تركيز,2024-10-31,0,
Student_304,304,16,M,100.0,59.7,0,مشاكل تركيز,2024-07-31,0,
Student_305,305,13,F,71.1,89.9,0,سلوك طبيعي,2024-02-24,0,
Student_306,306,14,F,75.5,76.4,0,سلوك طبيعي,2024-02-16,0,
Student_307,307,14,F,99.6,68.3,0,سلوك طبيعي,2024-04-22,0,
Student_308,308,16,M,72.5,54.7,0,سلوك طبيعي,2024-11-24,1,
Student_309,309,16,F,100.0,85.2,0,سلوك طبيعي,2024-10-17,0,
Student_310,310,13,M,85.9,66.8,0,مشاكل تركيز,2024-11-10,0,
Student_311,311,15,F,82.8,97.3,1,سلوك طبيعي,2024-11-24,0,
Student_312,312,13,F,90.1,85.3,2,سلوك طبيعي,2024-03-17,0,
Student_313,313,16,M,74.5,65.3,0,مشاكل تركيز,2024-04-01,0,
Student_314,314,17,M,96.2,66.4,0,سلوك طبيعي,2024-02-07,0,
Student_315,315,16,F,100.0,95.7,0,سلوك طبيعي,2024-10-11,0,
Student_316,316,17,F,96.7,74.0,1,سلوك طبيعي,2024-11-18,0,
Student_317,317,12,F,85.5,68.8,0,سلوك طبيعي,2024-05-28,0,
Student_318,318,16,F,72.6,75.3,0,مشاكل تركيز,2024-08-14,0,
Student_319,319,12,F,73.0,68.8,3,مشاكل تركيز,2024-02-26,0,
Student_320,320,15,F,74.7,77.9,2,مشاكل تركيز,2024-12-05,0,
Student_321,321,13,M,87.9,74.1,1,سلوك طبيعي,2024-11-11,0,
Student_322,322,17,F,89.1,85.5,2,سلوك طبيعي,2024-12-22,0,
Student_323,323,13,M,96.7,70.3,0,سلوك طبيعي,2024-10-22,0,
Student_324,324,12,M,70.0,64.4,1,سلوك طبيعي,2024-11-17,0,
Student_325,325,17,F,100.0,70.8,2,مشاكل تركيز,2024-01-10,0,
Student_326,326,13,M,94.9,70.7,0,سلوك طبيعي,2024-09-25,0,
Student_327,327,16,M,84.7,74.1,1,مشاكل تركيز,2024-05-01,0,
Student_328,328,14,M,76.1,82.6,1,مشاكل تركيز,2024-12-05,0,
Student_329,329,12,F,100.0,82.0,1,سلوك طبيعي,2024-10-19,0,
Student_330,330,13,M,85.0,89.4,1,سلوك طبيعي,2024-11-11,0,
Student_331,331,12,M,87.8,65.3,1,مشاكل تركيز,2024-10-22,0,
Student_332,332,12,M,91.8,79.7,0,مشاكل تركيز,2024-04-07,0,
Student_333,333,17,M,78.9,83.7,1,سلوك طبيعي,2024-10-14,0,
Student_334,334,17,M,85.2,66.9,1,مشاكل تركيز,2024-02-09,0,
Student_335,335,14,M,96.7,72.5,0,مشاكل تركيز,2024-11-14,0,
Student_336,336,16,F,95.6,54.0,1,انسحاب اجتماعي,2024-11-09,0,
Student_337,337,12,M,95.7,85.9,0,سلوك طبيعي,2024-03-22,0,
Student_338,338,13,M,76.4,72.4,1,سلوك طبيعي,2024-10-25,0,
Student_339,339,15,M,85.6,84.7,1,سلوك طبيعي,2024-06-17,0,
Student_340,340,12,M,84.0,77.5,1,مشاكل تركيز,2024-04-21,0,
Student_341,341,12,F,92.3,72.8,1,مشاكل تركيز,2024-10-17,0,
Student_342,342,14,F,91.4,55.9,1,سلوك طبيعي,2024-03-24,0,
Student_343,343,16,M,89.6,58.0,0,سلوك طبيعي,2024-01-09,0,
Student_344,344,15,M,100.0,43.9,0,مشاكل تركيز,2024-03-11,0,
Student_345,345,17,M,85.1,68.2,0,سلوك طبيعي,2024-04-29,0,
Student_346,346,17,F,83.9,100.0,0,سلوك طبيعي,2024-11-11,0,
Student_347,347,13,F,76.4,59.5,1,سلوك طبيعي,2024-12-18,0,
Student_348,348,15,F,72.6,43.4,1,مشاكل تركيز,2024-04-11,0,
Student_349,349,17,M,75.8,86.6,1,مشاكل تركيز,2024-08-22,0,
Student_350,350,13,F,80.8,100.0,0,سلوك طبيعي,2024-05-25,0,
Student_351,351,16,M,100.0,78.6,0,سلوك طبيعي,2024-12-24,0,
Student_352,352,13,M,88.4,78.5,1,مشاكل تركيز,2024-07-14,0,
Student_353,353,17,M,89.9,71.3,2,مشاكل تركيز,2024-12-08,0,
Student_354,354,14,M,87.0,53.5,0,سلوك طبيعي,2024-02-12,0,
Student_355,355,14,F,91.7,57.6,1,سلوك طبيعي,2024-12-20,0,
Student_356,356,14,F,100.0,71.2,1,مشاكل تركيز,2024-03-06,0,
Student_357,357,17,M,68.1,68.9,1,مشاكل تركيز,2024-12-17,0,
Student_358,358,14,F,100.0,73.6,1,سلوك طبيعي,2024-04-06,0,
Student_359,359,15,F,62.8,85.0,1,مشاكل تركيز,2024-02-09,0,
Student_360,360,16,F,88.3,68.0,3,سلوك طبيعي,2024-06-07,0,
Student_361,361,13,F,100.0,85.2,0,سلوك طبيعي,2024-09-22,1,
Student_362,362,13,F,94.8,68.1,1,سلوك طبيعي,2024-04-24,1,
Student_363,363,17,F,91.7,87.5,1,مشاكل تركيز,2024-08-09,0,
Student_364,364,14,F,100.0,76.0,1,سلوك طبيعي,2024-07-05,0,
Student_365,365,14,M,81.0,69.8,2,سلوك طبيعي,2024-05-20,0,
Student_366,366,12,M,92.3,75.8,1,سلوك طبيعي,2024-07-29,0,
Student_367,367,16,F,93.8,71.5,0,سلوك طبيعي,2024-04-02,0,
Student_368,368,15,M,82.8,76.4,0,سلوك طبيعي,2024-09-15,0,
Student_369,369,13,F,83.7,84.1,0,سلوك طبيعي,2024-01-01,0,
Student_370,370,12,M,82.6,74.0,1,مشاكل تركيز,2024-12-03,0,
Student_371,371,12,M,88.9,70.6,0,سلوك طبيعي,2024-07-15,0,
Student_372,372,17,M,93.5,61.5,0,سلوك طبيعي,2024-09-19,0,
Student_373,373,13,M,89.2,82.0,1,مشاكل تركيز,2024-09-27,0,
Student_374,374,17,F,95.1,79.2,0,مشاكل تركيز,2024-09-01,0,
Student_375,375,15,F,68.3,60.8,0,سلوك طبيعي,2024-05-12,0,
Student_376,376,12,F,85.8,85.0,1,مشاكل تركيز,2024-01-26,0,
Student_377,377,12,F,77.8,60.6,0,سلوك طبيعي,2024-08-30,0,
Student_378,378,16,M,91.0,87.4,0,مشاكل تركيز,2024-04-30,0,
Student_379,379,15,M,90.9,83.3,1,مشاكل تركيز,2024-04-24,0,
Student_380,380,12,F,86.8,80.0,1,مشاكل تركيز,2024-11-05,0,
Student_381,381,15,F,93.1,70.5,1,سلوك طبيعي,2024-09-19,0,
Student_382,382,13,M,98.0,81.9,1,مشاكل تركيز,2024-04-19,0,
Student_383,383,14,M,87.4,87.9,0,مشاكل تركيز,2024-04-22,0,
Student_384,384,12,M,77.5,82.1,1,مشاكل تركيز,2024-05-29,0,
Student_385,385,16,F,72.2,67.0,3,مشاكل تركيز,2024-05-26,0,
Student_386,386,13,F,88.4,78.2,1,سلوك طبيعي,2024-04-17,0,
Student_387,387,15,M,90.4,88.6,2,سلوك طبيعي,2024-02-16,0,
Student_388,388,17,F,78.3,100.0,1,مشاكل تركيز,2024-06-02,0,
Student_389,389,13,F,95.3,72.5,0,سلوك طبيعي,2024-12-09,0,
Student_390,390,12,M,83.4,85.3,1,مشاكل تركيز,2024-09-04,0,
Student_391,391,15,F,71.4,88.6,1,سلوك طبيعي,2024-11-25,0,
Student_392,392,14,F,100.0,65.3,1,مشاكل تركيز,2024-08-12,0,
Student_393,393,13,M,99.4,96.4,1,مشاكل تركيز,2024-04-19,0,
Student_394,394,12,M,67.8,62.2,0,سلوك طبيعي,2024-07-18,0,
Student_395,395,16,M,82.4,84.7,0,مشاكل تركيز,2024-01-01,0,
Student_396,396,17,M,82.0,78.7,0,انسحاب اجتماعي,2024-04-14,0,
Student_397,397,15,M,100.0,75.7,0,سلوك طبيعي,2024-06-05,0,
Student_398,398,13,F,87.0,100.0,1,سلوك طبيعي,2024-07-30,0,
Student_399,399,13,M,73.0,71.4,0,سلوك طبيعي,2024-08-26,0,
Student_400,400,14,M,96.8,71.2,1,مشاكل تركيز,2024-06-18,0,
Student_401,401,14,F,75.7,91.0,1,مشاكل تركيز,2024-06-10,0,
Student_402,402,16,F,85.4,84.1,3,سلوك طبيعي,2024-03-19,0,
Student_403,403,17,M,80.3,90.4,0,سلوك طبيعي,2024-06-21,0,
Student_404,404,16,M,82.4,76.4,1,سلوك طبيعي,2024-11-24,0,
Student_405,405,12,M,97.4,78.8,1,مشاكل تركيز,2024-10-17,0,
Student_406,406,12,F,100.0,97.8,1,مشاكل تركيز,2024-03-02,0,
Student_407,407,16,M,75.3,65.0,1,سلوك طبيعي,2024-01-31,0,
Student_408,408,17,F,94.3,73.8,2,مشاكل تركيز,2024-07-07,0,
Student_409,409,16,F,80.7,84.6,2,مشاكل تركيز,2024-08-19,0,
Student_410,410,17,M,81.0,72.6,0,سلوك طبيعي,2024-05-02,0,
Student_411,411,17,F,92.9,68.2,0,مشاكل تركيز,2024-10-25,0,
Student_412,412,15,F,77.7,82.4,0,سلوك طبيعي,2024-10-01,0,
Student_413,413,17,M,92.7,91.0,0,مشاكل تركيز,2024-09-02,0,
Student_414,414,14,F,95.3,73.3,1,سلوك طبيعي,2024-03-22,0,
Student_415,415,17,M,83.7,73.0,1,انسحاب اجتماعي,2024-03-13,0,
Student_416,416,17,F,100.0,67.2,1,سلوك طبيعي,2024-01-09,0,
Student_417,417,17,F,75.3,71.4,1,سلوك طبيعي,2024-03-30,0,
Student_418,418,12,F,100.0,88.0,0,مشاكل تركيز,2024-06-22,0,
Student_419,419,14,F,68.6,76.0,0,مشاكل تركيز,2024-11-06,0,
Student_420,420,14,F,100.0,65.3,0,مشاكل تركيز,2024-01-27,0,
Student_421,421,16,F,83.9,78.1,0,سلوك طبيعي,2024-05-31,0,
Student_422,422,15,F,76.4,87.6,0,مشاكل تركيز,2024-08-17,0,
Student_423,423,17,F,85.7,68.3,0,مشاكل تركيز,2024-03-11,0,
Student_424,424,13,M,77.5,59.1,1,سلوك طبيعي,2024-09-11,0,
Student_425,425,15,M,91.9,100.0,0,مشاكل تركيز,2024-06-29,0,
Student_426,426,15,M,100.0,58.5,0,سلوك طبيعي,2024-03-30,0,
Student_427,427,14,M,78.1,70.7,2,سلوك طبيعي,2024-08-27,0,
Student_428,428,15,M,93.8,77.8,1,سلوك طبيعي,2024-01-03,0,
Student_429,429,17,F,72.7,71.7,1,سلوك طبيعي,2024-10-01,0,
Student_430,430,17,M,98.3,74.1,0,مشاكل تركيز,2024-10-08,0,
Student_431,431,12,F,92.2,81.9,2,مشاكل تركيز,2024-02-08,0,
Student_432,432,17,M,98.8,46.3,1,مشاكل تركيز,2024-06-04,0,
Student_433,433,17,F,86.8,59.8,0,سلوك طبيعي,2024-03-05,0,
Student_434,434,14,F,83.6,75.5,0,مشاكل تركيز,2024-12-15,0,
Student_435,435,17,M,96.2,70.1,0,مشاكل تركيز,2024-07-08,0,
Student_436,436,12,F,74.9,76.6,0,مشاكل تركيز,2024-01-19,0,
Student_437,437,13,M,70.6,77.7,0,مشاكل تركيز,2024-03-31,0,
Student_438,438,14,F,88.0,49.6,0,انسحاب اجتماعي,2024-11-05,0,
Student_439,439,13,M,84.1,90.3,0,مشاكل تركيز,2024-06-15,0,
Student_440,440,14,F,93.5,69.0,1,مشاكل تركيز,2024-10-19,0,
Student_441,441,16,M,98.9,64.6,1,سلوك طبيعي,2024-08-31,0,
Student_442,442,15,F,93.3,77.5,2,مشاكل تركيز,2024-12-26,0,
Student_443,443,16,F,98.1,76.3,0,مشاكل تركيز,2024-08-05,0,
Student_444,444,17,M,91.2,89.4,1,سلوك طبيعي,2024-12-12,0,
Student_445,445,13,M,92.9,78.3,0,مشاكل تركيز,2024-11-21,0,
Student_446,446,17,M,86.8,88.9,1,سلوك طبيعي,2024-08-11,0,
Student_447,447,15,M,92.7,63.7,0,مشاكل تركيز,2024-09-19,0,
Student_448,448,14,F,89.7,76.7,2,سلوك طبيعي,2024-07-03,0,
Student_449,449,15,M,91.3,61.6,1,سلوك طبيعي,2024-10-30,0,
Student_450,450,12,M,86.3,76.2,2,تأخر مستمر عن الصف,2024-07-18,0,
Student_451,451,15,M,96.1,73.6,2,مشاكل تركيز,2024-11-23,1,
Student_452,452,12,F,80.9,73.1,2,مشاكل تركيز,2024-09-28,0,
Student_453,453,15,M,87.8,73.2,2,سلوك طبيعي,2024-06-22,0,
Student_454,454,12,M,100.0,83.8,1,مشاكل تركيز,2024-04-04,0,
Student_455,455,13,M,78.5,55.7,2,مشاكل تركيز,2024-03-31,0,
Student_456,456,17,M,66.4,64.2,2,مشاكل تركيز,2024-08-20,0,
Student_457,457,17,F,91.7,74.5,1,مشاكل تركيز,2024-10-06,0,
Student_458,458,16,M,85.4,60.9,0,مشاكل تركيز,2024-07-09,0,
Student_459,459,17,M,98.1,75.6,0,سلوك طبيعي,2024-08-16,0,
Student_460,460,14,F,86.7,74.4,1,سلوك طبيعي,2024-04-10,0,
Student_461,461,15,F,82.0,58.2,1,سلوك طبيعي,2024-01-29,0,
Student_462,462,16,M,87.2,57.6,0,سلوك طبيعي,2024-04-14,0,
Student_463,463,14,F,98.9,43.5,0,مشاكل تركيز,2024-04-09,0,
Student_464,464,14,F,93.8,60.4,0,سلوك طبيعي,2024-04-26,0,
Student_465,465,12,M,63.7,75.2,1,مشاكل تركيز,2024-07-16,0,
Student_466,466,17,F,89.9,76.9,0,مشاكل تركيز,2024-02-20,0,
Student_467,467,13,F,90.4,77.4,0,سلوك طبيعي,2024-03-25,0,
Student_468,468,13,M,87.8,65.7,0,مشاكل تركيز,2024-09-10,0,
Student_469,469,16,M,81.9,74.8,0,مشاكل تركيز,2024-09-14,0,
Student_470,470,13,M,99.9,79.8,0,سلوك طبيعي,2024-01-24,0,
Student_471,471,15,F,100.0,59.8,2,سلوك طبيعي,2024-05-28,0,
Student_472,472,13,F,66.0,76.5,1,سلوك طبيعي,2024-07-17,0,
Student_473,473,16,F,80.0,82.9,2,سلوك طبيعي,2024-05-31,0,
Student_474,474,13,M,86.6,69.1,1,مشاكل تركيز,2024-03-16,0,
Student_475,475,15,F,97.5,87.7,0,سلوك طبيعي,2024-06-02,0,
Student_476,476,12,F,88.3,69.4,0,مشاكل تركيز,2024-11-26,0,
Student_477,477,16,M,81.2,64.7,1,سلوك طبيعي,2024-08-01,0,
Student_478,478,12,M,95.1,81.7,1,مشاكل تركيز,2024-09-10,0,
Student_479,479,12,F,85.9,99.4,0,سلوك طبيعي,2024-11-08,0,
Student_480,480,12,M,86.8,76.0,0,مشاكل تركيز,2024-10-06,0,
Student_481,481,14,F,87.7,82.6,0,مشاكل تركيز,2024-05-18,0,
Student_482,482,17,M,93.7,68.9,1,سلوك طبيعي,2024-01-03,0,
Student_483,483,14,M,84.9,60.1,2,سلوك طبيعي,2024-05-08,0,
Student_484,484,17,M,94.9,77.0,1,سلوك طبيعي,2024-10-02,0,
Student_485,485,12,M,87.3,78.9,0,مشاكل تركيز,2024-11-07,0,
Student_486,486,16,F,77.3,70.7,0,سلوك طبيعي,2024-12-14,0,
Student_487,487,17,M,87.6,82.6,1,مشاكل تركيز,2024-06-01,0,
Student_488,488,15,F,77.8,67.2,1,سلوك طبيعي,2024-09-29,0,
Student_489,489,15,F,88.4,64.2,0,سلوك طبيعي,2024-07-18,0,
Student_490,490,13,F,96.3,87.7,2,سلوك طبيعي,2024-08-08,0,
Student_491,491,17,M,77.3,87.8,0,مشاكل تركيز,2024-03-21,0,
Student_492,492,16,F,91.6,67.4,1,سلوك طبيعي,2024-03-21,0,
Student_493,493,14,F,79.7,95.6,1,سلوك طبيعي,2024-06-08,0,
Student_494,494,12,M,90.0,71.6,0,سلوك طبيعي,2024-01-11,0,
Student_495,495,13,M,96.6,76.0,0,سلوك طبيعي,2024-05-02,0,
Student_496,496,15,F,66.7,74.0,0,سلوك طبيعي,2024-09-04,0,
Student_497,497,14,F,76.9,81.3,1,مشاكل تركيز,2024-05-27,0,
Student_498,498,14,M,84.3,78.3,2,سلوك طبيعي,2024-03-01,0,
Student_499,499,12,F,91.2,78.1,1,سلوك طبيعي,2024-06-19,0,
Student_500,500,17,F,86.3,62.8,0,مشاكل تركيز,2024-02-16,0,
